run_id,agent_id,started_at,ended_at,status,user_input_summary
r_0037,a_wm_developer,2025-09-01T11:09:58Z,2025-09-01T11:12:24Z,success,run test suite smoke-4848
r_0029,a_wm_employee,2025-09-01T12:26:18Z,2025-09-01T12:29:52Z,success,find HR policy on overtime
r_0017,a_wm_supplier_seller,2025-09-01T17:59:47Z,2025-09-01T18:01:52Z,success,review marketplace violation case 1887
r_0028,a_wm_employee,2025-09-01T21:11:36Z,2025-09-01T21:13:25Z,success,email shift manager about swap
r_0015,a_wm_supplier_seller,2025-09-02T10:05:25Z,2025-09-02T10:05:56Z,success,close dispute ticket 4608
r_0012,a_wm_supplier_seller,2025-09-02T12:48:24Z,2025-09-02T12:51:54Z,success,schedule catalog sync for ACME
r_0002,a_wm_shopper,2025-09-02T15:11:58Z,2025-09-02T15:14:47Z,success,compare prices for 93-inch TV
r_0018,a_wm_supplier_seller,2025-09-02T15:45:46Z,2025-09-02T15:47:55Z,success,onboard seller Wonka
r_0006,a_wm_shopper,2025-09-02T18:12:00Z,2025-09-02T18:13:23Z,success,reorder diapers size 79
r_0010,a_wm_shopper,2025-09-02T20:25:09Z,2025-09-02T20:28:18Z,success,reorder diapers size 51
r_0048,a_wm_catalog,2025-09-02T21:16:39Z,2025-09-02T21:16:59Z,success,sync catalog to ads
r_0041,a_wm_catalog,2025-09-02T21:17:21Z,2025-09-02T21:20:19Z,success,export campaign feed
r_0013,a_wm_supplier_seller,2025-09-02T21:59:01Z,2025-09-02T22:01:41Z,error,create ad campaign BlackFriday
r_0027,a_wm_employee,2025-09-03T06:48:09Z,2025-09-03T06:48:24Z,success,email shift manager about swap
r_0016,a_wm_supplier_seller,2025-09-03T07:17:23Z,2025-09-03T07:19:49Z,success,generate vendor scorecard Q2
r_0036,a_wm_developer,2025-09-03T09:49:34Z,2025-09-03T09:51:39Z,success,run test suite smoke-8618
r_0026,a_wm_employee,2025-09-03T11:07:45Z,2025-09-03T11:10:34Z,success,request payroll correction
r_0045,a_wm_catalog,2025-09-03T18:10:35Z,2025-09-03T18:13:43Z,success,update attributes for SKU-3091
r_0033,a_wm_developer,2025-09-03T19:15:45Z,2025-09-03T19:19:21Z,success,run test suite smoke-7311
r_0004,a_wm_shopper,2025-09-03T20:41:35Z,2025-09-03T20:42:01Z,success,reorder past groceries
r_0031,a_wm_developer,2025-09-03T20:56:14Z,2025-09-03T20:59:52Z,success,deploy to staging env
r_0042,a_wm_catalog,2025-09-03T22:15:25Z,2025-09-03T22:17:58Z,success,update attributes for SKU-3503
r_0023,a_wm_employee,2025-09-03T23:00:56Z,2025-09-03T23:02:17Z,success,request payroll correction
r_0043,a_wm_catalog,2025-09-04T07:08:00Z,2025-09-04T07:09:07Z,success,dedupe near-duplicate SKUs
r_0035,a_wm_developer,2025-09-04T11:56:16Z,2025-09-04T11:58:14Z,success,roll back last deploy
r_0038,a_wm_developer,2025-09-04T17:07:40Z,2025-09-04T17:11:32Z,success,open Jira ticket DEV-4185
r_0040,a_wm_developer,2025-09-04T18:09:10Z,2025-09-04T18:11:40Z,error,run test suite smoke-9270
r_0030,a_wm_employee,2025-09-04T20:36:15Z,2025-09-04T20:39:21Z,success,fetch store sales KPIs
r_0044,a_wm_catalog,2025-09-04T21:32:11Z,2025-09-04T21:35:59Z,success,export campaign feed
r_0021,a_wm_employee,2025-09-05T07:06:34Z,2025-09-05T07:10:00Z,success,file leave request for 2025-09-04
r_0022,a_wm_employee,2025-09-05T07:14:13Z,2025-09-05T07:17:20Z,success,find HR policy on overtime
r_0032,a_wm_developer,2025-09-05T13:16:33Z,2025-09-05T13:19:41Z,error,roll back last deploy
r_0024,a_wm_employee,2025-09-05T16:14:56Z,2025-09-05T16:15:36Z,success,fetch store sales KPIs
r_0014,a_wm_supplier_seller,2025-09-05T21:52:55Z,2025-09-05T21:55:45Z,success,adjust budget for campaign Spring
r_0008,a_wm_shopper,2025-09-05T21:57:13Z,2025-09-05T22:00:31Z,success,find low-sodium soup options
r_0049,a_wm_catalog,2025-09-05T23:32:39Z,2025-09-05T23:36:05Z,success,update attributes for SKU-1420
r_0001,a_wm_shopper,2025-09-06T08:01:36Z,2025-09-06T08:01:57Z,success,compare prices for 30-inch TV
r_0005,a_wm_shopper,2025-09-06T10:08:55Z,2025-09-06T10:12:27Z,success,reorder diapers size 111
r_0011,a_wm_supplier_seller,2025-09-06T12:11:33Z,2025-09-06T12:12:16Z,success,onboard seller Initech
r_0046,a_wm_catalog,2025-09-06T13:48:09Z,2025-09-06T13:48:58Z,success,update attributes for SKU-7211
r_0009,a_wm_shopper,2025-09-06T16:38:31Z,2025-09-06T16:40:35Z,error,suggest gifts under $66
r_0007,a_wm_shopper,2025-09-06T18:31:39Z,2025-09-06T18:34:16Z,success,help me build a school supply list
r_0003,a_wm_shopper,2025-09-07T08:54:23Z,2025-09-07T08:57:36Z,success,recipe ideas for vegan dinner
r_0034,a_wm_developer,2025-09-07T15:48:07Z,2025-09-07T15:51:17Z,success,deploy to staging env
r_0025,a_wm_employee,2025-09-07T15:53:20Z,2025-09-07T15:56:35Z,success,view training assignments
r_0050,a_wm_catalog,2025-09-07T17:25:06Z,2025-09-07T17:26:23Z,success,normalize brand names
r_0020,a_wm_supplier_seller,2025-09-07T20:17:34Z,2025-09-07T20:19:45Z,success,schedule catalog sync for Umbrella
r_0019,a_wm_supplier_seller,2025-09-07T21:27:00Z,2025-09-07T21:28:15Z,success,generate vendor scorecard Q4
r_0039,a_wm_developer,2025-09-07T21:39:49Z,2025-09-07T21:43:21Z,error,publish artifact v1.7.2
r_0047,a_wm_catalog,2025-09-07T23:18:58Z,2025-09-07T23:22:45Z,success,translate descriptions to Spanish
